{"file": "assets/doitagain.mp3", "drain": 20, "startTime": 0, "BPM": 60, "arrows": [[13.307188034057617, 0, 0], [14.77775502204895, 3, 0], [18.649362087249756, 1, 0], [21.155853033065796, 0, 0], [23.070377111434937, 3, 0], [25.315617084503174, 1, 0], [28.27850890159607, 0, 0], [28.539952993392944, 3, 0], [28.843137979507446, 0, 0], [29.053606033325195, 3, 0], [29.53400707244873, 0, 0], [29.774533987045288, 3, 0], [32.29564809799194, 3, 0], [32.60412311553955, 0, 0], [32.81456398963928, 3, 0], [33.07397103309631, 0, 0], [33.3174409866333, 3, 0], [33.62640404701233, 0, 0], [33.886138916015625, 3, 0], [34.19367599487305, 0, 0], [35.60804009437561, 1, 0], [36.3869309425354, 3, 0], [40.18004608154297, 0, 0], [40.419750928878784, 3, 0], [40.88343405723572, 0, 0], [41.1256000995636, 3, 0], [41.805509090423584, 0, 0], [42.04438495635986, 3, 0], [42.7800509929657, 1, 0], [47.46971392631531, 1, 0], [47.84175109863281, 1, 0], [48.48295307159424, 0, 0], [48.7926230430603, 3, 0], [51.96960496902466, 0, 0], [52.28125190734863, 3, 0], [52.65661597251892, 0, 0], [52.87052011489868, 3, 0], [53.21290993690491, 1, 0], [55.4132399559021, 3, 0], [55.83033204078674, 0, 0], [56.17256808280945, 3, 0], [56.47876811027527, 0, 0], [56.8202428817749, 1, 0], [75.8266110420227, 1, 0], [76.00604104995728, 1, 0], [76.18442392349243, 1, 0], [76.3310170173645, 1, 0], [76.47855806350708, 1, 0], [76.6254940032959, 1, 0], [76.8049669265747, 1, 0], [76.95548510551453, 1, 0], [77.10807704925537, 1, 0], [77.25432205200195, 1, 0], [81.64110898971558, 0, 0], [81.64110898971558, 3, 0], [86.46831607818604, 3, 0], [86.51570200920105, 0, 0], [95.90638399124146, 0, 0], [95.98547005653381, 3, 0], [96.32544994354248, 0, 0], [96.53872799873352, 3, 0], [96.87859392166138, 0, 0], [97.05788803100586, 3, 0], [97.43042707443237, 0, 0], [97.6095221042633, 3, 0], [97.9976749420166, 0, 0], [98.24407505989075, 1, 0], [101.36264300346375, 3, 0], [101.57012796401978, 0, 0], [101.78445410728455, 3, 0], [102.07532501220703, 0, 0], [102.2703640460968, 3, 0], [102.59301495552063, 0, 0], [102.87667107582092, 1, 0], [117.94807004928589, 3, 0], [117.99527502059937, 0, 0], [119.75590491294861, 0, 0], [119.75590491294861, 3, 0], [122.8979709148407, 1, 0], [123.12525510787964, 1, 0], [123.33793711662292, 1, 0], [126.76512289047241, 3, 0], [126.8137800693512, 0, 0], [128.1217920780182, 0, 0], [128.1217920780182, 3, 0], [129.6637990474701, 1, 0], [129.84589099884033, 1, 0], [130.04277896881104, 1, 0], [133.73891496658325, 3, 0], [133.97838497161865, 3, 0], [134.4249939918518, 0, 0], [134.6449670791626, 0, 0], [136.87209296226501, 1, 0], [137.08362197875977, 1, 0], [137.52569794654846, 3, 0], [137.71690607070923, 3, 0], [137.9914948940277, 0, 0], [138.23458695411682, 0, 0], [163.65050101280212, 1, 0], [163.83288192749023, 1, 0], [164.04086089134216, 1, 0], [164.25158500671387, 1, 0], [164.4353311061859, 1, 0], [164.64029693603516, 1, 0], [164.86365008354187, 1, 0], [165.07395792007446, 1, 0], [165.28588008880615, 1, 0], [165.52077198028564, 1, 0], [165.73296809196472, 1, 0], [165.95143103599548, 1, 0], [166.1764690876007, 1, 0], [166.4578399658203, 1, 0], [166.66737389564514, 1, 0], [166.91370511054993, 1, 0], [167.1435899734497, 1, 0], [171.68680095672607, 0, 0], [171.89793801307678, 3, 0], [172.11179494857788, 0, 0], [172.3269600868225, 3, 0], [172.54821300506592, 0, 0], [172.7655189037323, 3, 0], [173.02067708969116, 0, 0], [173.23137402534485, 3, 0], [173.65996599197388, 0, 0], [173.8376500606537, 3, 0], [174.2336130142212, 0, 0], [174.4125030040741, 3, 0], [174.72487497329712, 0, 0], [174.94771003723145, 3, 0], [175.29544496536255, 1, 0], [175.509535074234, 1, 0], [175.75417804718018, 1, 0], [175.99958395957947, 1, 0], [176.21410202980042, 1, 0], [176.45963501930237, 1, 0], [176.7051260471344, 1, 0], [176.951504945755, 1, 0], [179.76492404937744, 1, 0], [179.91203999519348, 1, 0], [183.7319118976593, 3, 0], [183.7795169353485, 0, 0], [186.4957799911499, 1, 0], [186.65708899497986, 1, 0], [186.8038890361786, 1, 0], [186.919536113739, 1, 0], [187.0695219039917, 1, 0], [187.21622705459595, 1, 0], [187.37641596794128, 1, 0], [187.52242803573608, 1, 0], [187.67133593559265, 1, 0], [187.81862211227417, 1, 0], [187.9637999534607, 1, 0], [188.12402892112732, 1, 0], [188.24678897857666, 1, 0], [188.39522004127502, 1, 0]], "approachRate": 0.5}