{"file": "assets/spin.mp3", "drain": 20, "startTime": -1.85, "BPM": 60, "arrows": [[5.566982984542847, 2, 0], [6.0192930698394775, 2, 0], [7.468250036239624, 0, 0], [7.91870903968811, 0, 0], [8.869478940963745, 3, 0], [9.315855026245117, 3, 0], [9.840033054351807, 2, 0], [10.299926042556763, 0, 0], [11.263432025909424, 3, 0], [11.639765977859497, 2, 0], [12.041160106658936, 2, 0], [12.204884052276611, 0, 0], [12.204884052276611, 2, 0], [13.051738023757935, 1, 0], [14.439938068389893, 2, 0], [14.885591983795166, 2, 0], [15.34339189529419, 2, 0], [15.870831966400146, 2, 0], [16.347901105880737, 2, 0], [16.799731969833374, 0, 0], [16.799731969833374, 3, 0], [17.27600598335266, 2, 0], [17.736001014709473, 2, 0], [17.82573699951172, 3, 0], [18.21390390396118, 0, 0], [18.748703956604004, 2, 0], [18.748703956604004, 3, 0], [19.230642080307007, 1, 0], [19.69412398338318, 2, 0], [20.154582977294922, 3, 0], [20.608031034469604, 0, 0], [20.608031034469604, 2, 0], [21.08471393585205, 1, 0], [21.08471393585205, 3, 0], [21.59010910987854, 0, 0], [21.59010910987854, 2, 0], [21.999439001083374, 1, 0], [21.999439001083374, 3, 0], [22.486720085144043, 0, 0], [22.486720085144043, 3, 0], [22.97347092628479, 1, 0], [22.97347092628479, 2, 0], [23.458465099334717, 0, 0], [23.458465099334717, 3, 0], [23.796457052230835, 0, 0], [23.96386694908142, 2, 0], [24.05566692352295, 0, 0], [24.05566692352295, 1, 0], [24.322169065475464, 0, 0], [24.414443969726562, 3, 0], [30.228338956832886, 0, 0]], "approachRate": 0.5}