{"file": "assets/doitagain.mp3", "drain": 20, "startTime": 15.62, "BPM": 124.0, "arrows": [[1.2668800354003906, 1, 0], [1.5431270599365234, 0, 0], [1.7174382209777832, 2, 0], [2.0850331783294678, 3, 0]], "approachRate": 0.5}