{"file": "assets/doitagain.mp3", "drain": 20, "startTime": -1.85, "BPM": 60, "arrows": [[2.602358102798462, 3, 0], [3.1217739582061768, 3, 0], [3.646627902984619, 3, 0], [4.099458932876587, 0, 0], [4.63078498840332, 0, 0], [5.012113094329834, 0, 0], [5.539869070053101, 0, 0], [5.996093988418579, 3, 0], [6.519412040710449, 3, 0], [7.041358947753906, 3, 0], [7.492041110992432, 3, 0], [7.971663951873779, 0, 0], [8.503818988800049, 0, 0], [9.037326097488403, 0, 0], [9.49340295791626, 0, 0], [9.877602100372314, 2, 0], [10.411362886428833, 2, 0], [10.872570037841797, 2, 0], [11.399724960327148, 2, 0], [11.851036071777344, 1, 0], [12.303643941879272, 1, 0], [12.830964088439941, 1, 0], [13.35688304901123, 1, 0], [13.809853076934814, 3, 0], [14.263811111450195, 3, 0], [14.720809936523438, 3, 0], [15.1738440990448, 3, 0], [15.700731039047241, 0, 0], [16.229124069213867, 0, 0], [16.704045057296753, 0, 0], [17.230053901672363, 0, 0], [17.683093070983887, 2, 0], [18.13888907432556, 2, 0], [18.616157054901123, 2, 0], [19.073745012283325, 2, 0], [19.602832078933716, 0, 0], [19.602832078933716, 2, 0], [20.440985918045044, 3, 0], [20.968424081802368, 3, 0], [21.494357109069824, 1, 0], [21.494357109069824, 3, 0], [22.336913108825684, 2, 0], [22.93612790107727, 2, 0], [23.461410999298096, 1, 0], [23.461410999298096, 2, 0], [24.301470041275024, 0, 0], [24.901636123657227, 0, 0], [25.427263021469116, 0, 0], [25.427263021469116, 3, 0], [26.193001985549927, 1, 0], [26.815671920776367, 2, 0], [27.34085202217102, 1, 0], [27.34085202217102, 2, 0], [28.176773071289062, 2, 0], [28.774965047836304, 0, 0], [29.300477027893066, 3, 0], [29.752213954925537, 1, 0], [30.20614504814148, 2, 0], [30.73666000366211, 0, 0], [31.19357705116272, 3, 0], [31.673723936080933, 1, 0], [32.13424110412598, 0, 0], [32.671459913253784, 1, 0], [33.13067889213562, 2, 0], [33.664093017578125, 3, 0], [34.12393593788147, 0, 0], [34.658180952072144, 2, 0], [35.1198570728302, 1, 0], [35.5796000957489, 3, 0], [36.03742790222168, 0, 0], [36.505321979522705, 3, 0], [37.0412061214447, 1, 0], [37.446094036102295, 2, 0], [37.9041850566864, 2, 0], [38.432785987854004, 2, 0], [38.96105694770813, 1, 0], [39.55973696708679, 1, 0], [39.94029498100281, 1, 0], [40.393553018569946, 1, 0], [40.852734088897705, 3, 0], [41.335378885269165, 0, 0], [41.79400110244751, 2, 0], [42.32490110397339, 1, 0], [42.883141040802, 2, 0], [43.342262983322144, 1, 0], [43.80253195762634, 2, 0], [44.26472306251526, 1, 0], [44.72540307044983, 2, 0], [45.260276079177856, 2, 0], [45.719106912612915, 2, 0], [46.254420042037964, 2, 0], [46.70875811576843, 2, 0], [47.16328310966492, 2, 0], [47.61976599693298, 2, 0], [48.14709210395813, 2, 0], [48.60234189033508, 2, 0], [49.05701398849487, 3, 0], [49.14726805686951, 0, 0], [49.53377103805542, 1, 0], [49.99361991882324, 2, 0], [50.52509903907776, 0, 0], [50.52509903907776, 2, 0], [50.92976689338684, 1, 0], [51.01959490776062, 3, 0], [51.48884201049805, 1, 0], [51.48884201049805, 2, 0], [51.979629039764404, 0, 0], [51.979629039764404, 3, 0], [52.47197389602661, 1, 0], [52.47197389602661, 2, 0], [52.962953090667725, 0, 0], [52.962953090667725, 3, 0], [53.451266050338745, 0, 0], [53.451266050338745, 2, 0], [53.94112706184387, 1, 0], [53.94112706184387, 3, 0], [54.35504603385925, 0, 0], [54.447165966033936, 2, 0], [54.92320203781128, 1, 0], [54.92320203781128, 3, 0], [55.33555889129639, 0, 0], [55.42853903770447, 2, 0], [55.90027904510498, 1, 0], [55.90027904510498, 3, 0], [56.38785099983215, 0, 0], [56.38785099983215, 2, 0], [56.82356405258179, 1, 0], [56.82356405258179, 2, 0], [57.3851900100708, 0, 0], [57.3851900100708, 3, 0], [57.797667026519775, 1, 0], [57.797667026519775, 2, 0], [58.28265190124512, 0, 0], [58.28265190124512, 3, 0], [58.77212905883789, 1, 0], [58.77212905883789, 2, 0], [59.25687503814697, 0, 0], [59.25687503814697, 3, 0], [59.74420094490051, 1, 0], [59.74420094490051, 2, 0], [60.230161905288696, 0, 0], [60.230161905288696, 3, 0], [60.71419310569763, 1, 0], [60.8048210144043, 2, 0], [61.19838905334473, 0, 0], [61.19838905334473, 3, 0], [61.70560097694397, 0, 0], [61.70560097694397, 2, 0], [62.19926309585571, 1, 0], [62.19926309585571, 3, 0], [62.68929600715637, 0, 0], [62.68929600715637, 3, 0], [63.103342056274414, 2, 0], [63.19609999656677, 0, 0], [63.593421936035156, 1, 0], [63.593421936035156, 3, 0], [64.15882802009583, 0, 0], [64.15882802009583, 2, 0], [64.64676690101624, 1, 0], [64.64676690101624, 2, 0], [65.05834698677063, 0, 0], [65.05834698677063, 3, 0], [65.54923009872437, 1, 0], [65.54923009872437, 2, 0], [66.0395519733429, 2, 0], [66.5069420337677, 1, 0], [66.98779296875, 3, 0], [67.51874494552612, 0, 0], [67.90223407745361, 3, 0], [68.50390005111694, 0, 0], [68.95795202255249, 3, 0], [69.41262793540955, 0, 0], [69.87305402755737, 3, 0], [70.33398795127869, 0, 0], [70.87109088897705, 2, 0], [71.40898704528809, 1, 0], [71.88744401931763, 2, 0], [72.34332299232483, 2, 0], [72.87190794944763, 2, 0], [73.3279139995575, 2, 0], [73.85940098762512, 0, 0], [74.24156498908997, 3, 0], [74.77538108825684, 3, 0], [75.23684000968933, 3, 0], [75.76971793174744, 1, 0], [76.15653204917908, 2, 0], [76.69140911102295, 0, 0], [77.24600601196289, 0, 0], [77.70217394828796, 2, 0], [78.15924596786499, 1, 0], [78.68979406356812, 3, 0], [79.14652490615845, 3, 0], [79.60340404510498, 3, 0], [80.05969595909119, 0, 0], [81.02695608139038, 2, 0], [82.00989103317261, 1, 0], [82.96815800666809, 3, 0], [83.92607808113098, 0, 0], [84.4526789188385, 2, 0], [84.90842294692993, 2, 0], [85.22220301628113, 2, 0], [85.60922288894653, 2, 0], [85.84792995452881, 2, 0], [86.3120949268341, 2, 0], [86.77407097816467, 2, 0], [87.10837292671204, 2, 0], [87.4945650100708, 2, 0], [87.73349094390869, 3, 0], [88.78244400024414, 0, 0], [89.66463589668274, 2, 0], [90.61996412277222, 1, 0], [91.65300989151001, 3, 0], [91.89012002944946, 1, 0], [92.14703392982483, 2, 0], [92.60800790786743, 0, 0], [92.99792003631592, 0, 0], [93.38561201095581, 0, 0], [93.5498960018158, 0, 0], [94.08737993240356, 0, 0], [94.47659206390381, 0, 0], [94.8638710975647, 0, 0], [95.17520809173584, 0, 0], [95.63886904716492, 0, 0], [95.80297303199768, 2, 0], [96.11802911758423, 2, 0], [96.28378200531006, 2, 0], [96.5259919166565, 2, 0], [97.67518210411072, 2, 0], [97.90883493423462, 1, 0], [98.07138705253601, 3, 0], [98.30935096740723, 0, 0], [98.54997301101685, 2, 0], [98.79345703125, 1, 0], [99.63431310653687, 3, 0], [99.94652891159058, 3, 0], [100.18241596221924, 3, 0], [100.41999697685242, 3, 0], [100.66240000724792, 3, 0], [101.50456190109253, 3, 0], [101.81798100471497, 3, 0], [102.08074498176575, 3, 0], [102.32129311561584, 3, 0], [102.56455898284912, 3, 0], [103.48770499229431, 0, 0], [103.65260291099548, 0, 0], [103.81814098358154, 0, 0], [104.05776405334473, 0, 0], [104.30165791511536, 0, 0], [104.47065496444702, 0, 0], [105.54396390914917, 2, 0], [105.78065395355225, 2, 0], [106.09364104270935, 2, 0], [106.33642196655273, 2, 0], [107.42802000045776, 2, 0], [107.73651790618896, 1, 0], [107.97525811195374, 3, 0], [108.13838005065918, 0, 0], [108.45329689979553, 2, 0], [109.44451093673706, 2, 0], [109.97553896903992, 2, 0], [110.51256895065308, 0, 0], [110.97393107414246, 3, 0], [111.43696904182434, 1, 0], [111.89978909492493, 2, 0], [112.5331220626831, 0, 0], [112.99153995513916, 3, 0], [113.45048093795776, 1, 0], [113.91153311729431, 2, 0], [114.44525909423828, 2, 0], [114.832848072052, 2, 0], [115.22325301170349, 0, 0], [115.7615270614624, 3, 0], [116.29789590835571, 1, 0], [116.97839903831482, 2, 0], [117.38237595558167, 0, 0], [117.8385009765625, 0, 0], [118.29747891426086, 0, 0], [118.75700807571411, 0, 0], [119.22092700004578, 3, 0], [119.7582950592041, 3, 0], [120.22166395187378, 1, 0], [120.68219304084778, 2, 0], [121.21973299980164, 0, 0], [121.68154501914978, 3, 0], [122.15208411216736, 1, 0], [122.62052011489868, 2, 0], [123.15263891220093, 0, 0], [123.61261892318726, 3, 0], [124.14369201660156, 3, 0], [124.60186409950256, 3, 