{"file": "assets/doitagain.mp3", "drain": 20, "startTime": -3.7, "BPM": 60, "arrows": [[4.0354859828948975, 0, 0], [5.985024929046631, 0, 0], [8.051561832427979, 0, 0], [9.828261852264404, 3, 0], [11.741264820098877, 3, 0], [13.695135831832886, 3, 0], [15.591032028198242, 3, 0], [17.55587100982666, 3, 0], [19.515127897262573, 3, 0], [20.25441002845764, 0, 0], [21.43305492401123, 3, 0], [21.885928869247437, 0, 0], [23.365190029144287, 3, 0], [23.867368936538696, 0, 0], [25.31264591217041, 3, 0], [25.757160902023315, 0, 0], [27.26994800567627, 3, 0], [27.700984001159668, 0, 0], [29.23517394065857, 0, 0], [29.633046865463257, 3, 0], [31.104874849319458, 0, 0], [31.551848888397217, 3, 0], [33.061951875686646, 3, 0], [33.560943841934204, 0, 0], [36.44391393661499, 3, 0], [36.491101026535034, 0, 0], [38.413283824920654, 3, 0], [38.46101188659668, 0, 0], [40.81401586532593, 3, 0], [42.78501296043396, 0, 0], [44.225942850112915, 1, 0], [47.12327694892883, 1, 0], [47.603046894073486, 1, 0], [48.10324692726135, 1, 0], [48.56189799308777, 1, 0], [49.882545948028564, 0, 0], [49.882545948028564, 3, 0], [50.897931814193726, 0, 0], [50.897931814193726, 3, 0], [51.81260395050049, 0, 0], [51.81260395050049, 3, 0], [53.41228699684143, 1, 0], [53.45927596092224, 0, 0], [54.36006283760071, 0, 0], [54.36006283760071, 1, 0], [55.27978801727295, 1, 0], [55.32751393318176, 0, 0], [56.259192943573, 1, 0], [56.30619287490845, 0, 0], [57.72254800796509, 3, 0], [57.77019381523132, 0, 0], [58.64350485801697, 0, 0], [58.64350485801697, 3, 0], [59.60082387924194, 3, 0], [59.64819288253784, 0, 0], [61.528857946395874, 1, 0], [62.131032943725586, 1, 0], [62.61989092826843, 1, 0], [63.0507378578186, 1, 0], [63.5467689037323, 3, 0], [63.5945348739624, 0, 0], [64.04915690422058, 1, 0], [64.57690000534058, 0, 0], [65.95711398124695, 3, 0], [66.89514589309692, 3, 0], [67.84667992591858, 3, 0], [68.897451877594, 0, 0], [69.85484290122986, 0, 0], [70.83770394325256, 0, 0], [71.81228399276733, 0, 0], [72.733314037323, 1, 0], [73.63339495658875, 1, 0], [74.62066602706909, 1, 0], [75.60290384292603, 3, 0], [76.56861686706543, 3, 0], [77.56891798973083, 3, 0], [78.48437595367432, 3, 0], [79.512051820755, 3, 0], [80.5070948600769, 1, 0], [81.02520990371704, 1, 0], [81.4943380355835, 1, 0], [81.9513669013977, 1, 0], [82.39900588989258, 1, 0], [83.12768387794495, 0, 0], [83.42358899116516, 3, 0], [83.89568185806274, 0, 0], [84.15473294258118, 3, 0], [84.39881992340088, 0, 0], [85.83766794204712, 3, 0], [86.112783908844, 0, 0], [86.35713982582092, 3, 0], [87.80378484725952, 1, 0], [87.8519458770752, 0, 0], [88.71953082084656, 1, 0], [88.76933193206787, 0, 0], [89.70625495910645, 3, 0], [89.7534430027008, 0, 0], [90.68132996559143, 3, 0], [91.7372100353241, 0, 0], [91.94715595245361, 3, 0], [92.20491981506348, 0, 0], [93.52573800086975, 3, 0], [93.77740287780762, 0, 0], [94.06368398666382, 3, 0], [96.43921399116516, 3, 0], [98.82798385620117, 3, 0], [100.81486082077026, 3, 0], [102.79079294204712, 1, 0], [104.7702968120575, 1, 0], [106.57906985282898, 3, 0], [108.47662281990051, 0, 0], [112.39463686943054, 1, 0], [112.91663002967834, 1, 0], [113.35484504699707, 1, 0], [114.34377694129944, 3, 0], [114.81897282600403, 3, 0], [116.2950279712677, 3, 0], [116.76635694503784, 3, 0], [118.24276089668274, 1, 0], [120.17310190200806, 1, 0], [122.04208493232727, 1, 0], [123.9983458518982, 3, 0], [125.94270491600037, 3, 0], [126.94621682167053, 3, 0], [127.41571283340454, 3, 0], [127.91615891456604, 3, 0], [128.42116498947144, 3, 0], [128.895005941391, 3, 0], [129.362478017807, 3, 0], [129.89315104484558, 3, 0], [130.3594949245453, 3, 0], [130.83984899520874, 3, 0], [131.346107006073, 3, 0], [131.8368489742279, 3, 0], [132.3185269832611, 3, 0], [132.80209589004517, 3, 0], [133.31893181800842, 3, 0], [133.75478601455688, 3, 0], [134.18822288513184, 3, 0], [134.62309885025024, 3, 0], [134.9038279056549, 3, 0], [135.14858889579773, 3, 0], [135.40571093559265, 3, 0], [135.68137001991272, 3, 0], [135.93296790122986, 3, 0], [136.15491104125977, 3, 0], [136.41330289840698, 3, 0], [136.65742301940918, 3, 0], [136.86605095863342, 3, 0], [137.14090085029602, 3, 0], [137.38784503936768, 3, 0], [137.63388586044312, 3, 0], [137.88248682022095, 3, 0], [138.12829184532166, 3, 0], [138.37628197669983, 3, 0], [138.62236499786377, 3, 0], [138.86897897720337, 3, 0], [139.04969692230225, 3, 0], [139.2964289188385, 3, 0], [139.54336094856262, 3, 0], [139.76521396636963, 3, 0], [141.96513104438782, 1, 0], [142.4073588848114, 1, 0], [143.8188760280609, 0, 0], [144.32386994361877, 0, 0], [145.32202792167664, 1, 0], [145.79809284210205, 1, 0], [146.7919909954071, 0, 0], [147.27773690223694, 0, 0], [148.22899293899536, 1, 0], [148.68097686767578, 1, 0], [150.20222187042236, 3, 0], [150.69714093208313, 3, 0], [151.1771638393402, 0, 0], [151.70712399482727, 0, 0], [152.18260097503662, 1, 0], [152.60818696022034, 1, 0], [153.04953289031982, 0, 0], [154.08507704734802, 3, 0], [154.52718687057495, 3, 0], [155.03433394432068, 0, 0], [155.50821089744568, 0, 0], [155.98101782798767, 1, 0], [156.47717690467834, 0, 0], [156.9731888771057, 1, 0], [157.92845392227173, 1, 0], [157.9758279323578, 0, 0], [158.87120389938354, 3, 0], [159.8609528541565, 3, 0], [160.8139660358429, 0, 0], [161.83936500549316, 1, 0], [162.77730798721313, 1, 0], [163.75237894058228, 3, 0], [164.75066304206848, 3, 0], [165.6969850063324, 0, 0], [166.70846104621887, 0, 0], [167.5661280155182, 3, 0], [168.52872490882874, 3, 0], [169.51141691207886, 3, 0], [170.51750898361206, 3, 0], [171.4556438922882, 3, 0], [172.40948104858398, 1, 0]], "approachRate": 0.5}
