{"file": "assets/Down2.mp3", "drain": 20.0, "startTime": -1.85, "BPM": 60, "arrows": [[5.5111870765686035, 3, 0], [6.0279600620269775, 3, 0], [6.548586130142212, 3, 0], [7.069627046585083, 3, 0], [7.519090175628662, 0, 0], [7.825774192810059, 0, 0], [8.223738193511963, 3, 0], [8.750357151031494, 3, 0], [9.271382093429565, 3, 0], [9.791449069976807, 3, 0], [10.16712212562561, 0, 0], [10.472719192504883, 0, 0], [10.851567029953003, 3, 0], [11.378485202789307, 3, 0], [11.90198302268982, 3, 0], [12.421776056289673, 3, 0], [12.869940996170044, 0, 0], [13.174147129058838, 0, 0], [13.504440069198608, 3, 0], [14.606712102890015, 3, 0], [15.051310062408447, 3, 0], [15.645583152770996, 0, 0], [15.881814002990723, 0, 0], [16.212621212005615, 3, 0], [16.742637157440186, 3, 0], [17.27364706993103, 3, 0], [17.726837158203125, 3, 0], [18.18127703666687, 0, 0], [18.492166996002197, 0, 0], [18.872913122177124, 3, 0], [19.403923988342285, 3, 0], [19.928821086883545, 3, 0], [20.455703020095825, 3, 0], [20.907275199890137, 0, 0], [21.220988988876343, 0, 0], [21.53214406967163, 3, 0], [22.068847179412842, 3, 0], [22.60097312927246, 0, 0], [23.128414154052734, 0, 0], [23.58934998512268, 3, 0], [23.8995840549469, 3, 0], [24.211592197418213, 3, 0], [24.67438817024231, 3, 0], [25.248855113983154, 3, 0], [25.80244207382202, 1, 0], [26.12398910522461, 1, 0], [26.28762698173523, 1, 0], [26.459280014038086, 1, 0], [26.626485109329224, 1, 0]], "approachRate": 0.5}
