{"file": "assets/Down2.mp3", "drain": 20.0, "startTime": -1, "BPM": 60, "arrows": [[4.83476710319519, 0, 0], [5.489125967025757, 0, 0], [6.163254976272583, 0, 0], [6.741614103317261, 0, 0], [7.4267261028289795, 0, 0], [8.123459100723267, 0, 0], [8.798819065093994, 0, 0], [9.420483112335205, 0, 0], [10.159661054611206, 0, 0], [10.796740055084229, 0, 0], [11.485037088394165, 0, 0], [12.097214937210083, 0, 0], [12.796052932739258, 0, 0], [13.422243118286133, 0, 0], [13.957268953323364, 0, 0], [26.086260080337524, 1, 0], [26.273710012435913, 1, 0], [26.41923999786377, 1, 0], [26.565073013305664, 1, 0], [26.741575956344604, 1, 0], [28.85811996459961, 1, 0], [29.480931043624878, 1, 0], [30.141523122787476, 1, 0], [30.760967016220093, 1, 0], [31.48493504524231, 1, 0], [32.09750008583069, 1, 0], [32.77472400665283, 1, 0], [33.400274991989136, 1, 0], [34.11743712425232, 1, 0], [34.73713207244873, 1, 0], [35.395615100860596, 1, 0]], "approachRate": 1.0}