{"file": "assets/song1.mp3", "drain": 20, "startTime": 4, "BPM": 120.0, "arrows": [[0.5094900131225586, 1, 0], [1.1161611080169678, 0, 0], [2.6966421604156494, 3, 0], [3.340503215789795, 3, 0], [4.069045066833496, 3, 0], [4.481057167053223, 3, 0], [4.9710681438446045, 3, 0]], "approachRate": 0.5}