{"file": "assets/somp.mp3", "drain": 20, "startTime": 15.62, "BPM": 124.0, "arrows": [[1.058704137802124, 1, 0], [2.025750160217285, 1, 0], [2.6846201419830322, 1, 0], [3.256740093231201, 1, 0], [3.8260459899902344, 1, 0]], "approachRate": 0.5}
