{"file": "assets/spin.mp3", "drain": 20, "startTime": -2.3, "BPM": 60, "arrows": [[10.183619976043701, 3, 0], [12.143440008163452, 3, 0], [13.22616195678711, 0, 0], [14.041612148284912, 0, 0], [14.991917133331299, 0, 0], [15.914813041687012, 0, 0], [16.814701080322266, 2, 0], [17.72174596786499, 2, 0], [18.70899200439453, 1, 0], [19.658451080322266, 1, 0], [20.580655097961426, 3, 0], [21.5276939868927, 3, 0], [22.498749017715454, 0, 0], [23.41476011276245, 0, 0], [24.331707000732422, 2, 0], [25.260069131851196, 1, 0], [26.187339067459106, 2, 0], [27.131054162979126, 1, 0], [28.074074029922485, 3, 0], [29.09716796875, 0, 0], [29.96449112892151, 3, 0], [30.871628999710083, 0, 0], [31.8079891204834, 1, 0], [32.778138160705566, 2, 0], [33.66707515716553, 3, 0], [34.65327215194702, 0, 0], [35.59521508216858, 2, 0], [36.54452395439148, 1, 0], [37.44155406951904, 3, 0], [37.917102098464966, 0, 0], [38.34418702125549, 2, 0], [38.88380694389343, 1, 0], [39.357157945632935, 3, 0], [40.30285096168518, 0, 0], [41.26366114616394, 2, 0], [42.12200903892517, 1, 0], [43.070935010910034, 0, 0], [43.070935010910034, 3, 0], [44.003669023513794, 1, 0], [44.04965901374817, 2, 0], [44.940088987350464, 0, 0], [44.98701214790344, 3, 0], [45.858065128326416, 1, 0], [45.858065128326416, 2, 0], [46.85367202758789, 2, 0], [47.78894805908203, 1, 0], [48.70396113395691, 2, 0], [49.66313314437866, 2, 0], [50.560994148254395, 2, 0], [51.526971101760864, 3, 0], [52.441030979156494, 3, 0], [53.375224113464355, 0, 0], [54.32477402687073, 3, 0], [55.27799916267395, 0, 0], [56.23097610473633, 2, 0], [57.08293795585632, 2, 0], [58.00290513038635, 1, 0], [58.96811294555664, 1, 0], [59.93521809577942, 0, 0], [60.38724398612976, 1, 0], [60.896968126297, 2, 0], [61.3265221118927, 3, 0], [62.24716901779175, 1, 0], [63.1664559841156, 2, 0], [63.705913066864014, 3, 0], [64.59344506263733, 1, 0], [65.54447793960571, 3, 0], [66.46477007865906, 3, 0], [67.33661699295044, 3, 0], [68.32975506782532, 3, 0], [69.24612402915955, 3, 0], [69.73532700538635, 0, 0], [70.21071696281433, 2, 0], [70.67569613456726, 1, 0], [71.14862108230591, 3, 0], [72.10053014755249, 0, 0], [73.06521701812744, 2, 0], [74.89670705795288, 1, 0], [74.89670705795288, 2, 0], [75.40856194496155, 3, 0], [75.90757298469543, 3, 0], [76.34713912010193, 3, 0], [76.79193115234375, 2, 0], [77.27692103385925, 1, 0], [77.80150413513184, 0, 0], [78.19935202598572, 0, 0], [78.71520495414734, 3, 0], [79.1134090423584, 3, 0], [79.57294416427612, 0, 0], [80.06410598754883, 0, 0], [80.53567814826965, 2, 0], [81.03108406066895, 1, 0], [81.50292897224426, 2, 0], [81.95165300369263, 1, 0], [82.39472794532776, 1, 0], [82.39472794532776, 2, 0], [82.82869505882263, 1, 0], [82.87531805038452, 2, 0], [83.30754804611206, 1, 0], [83.35437893867493, 2, 0], [83.75447607040405, 1, 0], [83.75447607040405, 2, 0], [84.3109130859375, 3, 0], [86.14513206481934, 0, 0], [86.65764808654785, 3, 0], [87.10529708862305, 0, 0], [87.53662300109863, 2, 0], [88.06108903884888, 1, 0], [89.0504879951477, 2, 0], [89.94361400604248, 1, 0], [90.91413116455078, 2, 0], [91.7445969581604, 3, 0], [92.7586190700531, 0, 0], [93.62896513938904, 2, 0], [94.52911400794983, 1, 0], [95.6351900100708, 3, 0], [96.46826004981995, 0, 0], [97.33125901222229, 0, 0], [98.32900500297546, 0, 0], [99.23393511772156, 3, 0], [100.16242694854736, 2, 0], [101.1565010547638, 2, 0], [102.04914498329163, 2, 0], [103.01712703704834, 3, 0], [103.98079013824463, 0, 0], [104.92938995361328, 2, 0], [105.8235170841217, 2, 0], [106.76049399375916, 1, 0], [107.74120807647705, 1, 0], [108.66325116157532, 0, 0], [109.16795110702515, 1, 0], [109.62010598182678, 2, 0], [110.02431201934814, 3, 0], [110.53013610839844, 0, 0], [111.0387351512909, 1, 0], [111.46733903884888, 2, 0], [111.95694398880005, 3, 0], [112.42626905441284, 3, 0], [112.91129112243652, 2, 0], [113.34931516647339, 1, 0], [113.82534909248352, 0, 0], [114.278391122818, 3, 0], [115.23503303527832, 2, 0], [116.1634910106659, 1, 0], [117.07284092903137, 0, 0], [117.94407916069031, 3, 0], [118.50276398658752, 2, 0], [118.93278503417969, 1, 0], [119.4929530620575, 0, 0], [119.90627694129944, 1, 0], [120.37046194076538, 2, 0], [120.8553581237793, 3, 0], [121.30530095100403, 2, 0], [121.7699830532074, 1, 0], [122.72971701622009, 2, 0], [123.63370609283447, 3, 0], [124.4780809879303, 1, 0], [125.40011811256409, 2, 0], [125.94834804534912, 0, 0], [126.54477095603943, 2, 0], [126.94534397125244, 0, 0], [127.39550304412842, 3, 0], [127.85964107513428, 1, 0], [128.3786859512329, 3, 0], [128.83187294006348, 1, 0], [129.29904913902283, 2, 0], [130.1784679889679, 2, 0], [131.15278100967407, 1, 0], [131.99664497375488, 1, 0], [132.976793050766, 3, 0], [133.90417408943176, 0, 0], [134.82171201705933, 3, 0], [135.81619715690613, 0, 0], [136.76357507705688, 2, 0], [137.68344497680664, 1, 0], [138.51512503623962, 2, 0], [139.5054850578308, 3, 0], [140.4988911151886, 0, 0], [141.45852613449097, 0, 0], [142.38230395317078, 1, 0], [142.86297607421875, 2, 0], [143.30864596366882, 1, 0], [143.77730512619019, 2, 0], [144.25648593902588, 3, 0], [145.21294713020325, 0, 0], [146.14055800437927, 3, 0], [147.1674611568451, 0, 0], [147.9732539653778, 2, 0], [148.94609904289246, 1, 0], [149.8516490459442, 2, 0], [150.32044196128845, 1, 0], [150.81733393669128, 0, 0], [151.3120560646057, 3, 0], [151.83649396896362, 2, 0], [152.7165560722351, 1, 0], [153.58095502853394, 2, 0], [154.52969813346863, 0, 0], [155.4475600719452, 3, 0], [156.3499791622162, 3, 0], [157.43126606941223, 0, 0], [157.82006406784058, 0, 0], [158.28820300102234, 0, 0], [158.72772192955017, 0, 0], [159.22667598724365, 3, 0], [160.1680290699005, 2, 0], [161.1318700313568, 1, 0], [161.99536395072937, 1, 0], [162.94579815864563, 3, 0], [164.82932806015015, 2, 0], [165.29639506340027, 2, 0], [165.71598601341248, 2, 0], [166.16203808784485, 2, 0], [166.62173509597778, 1, 0], [167.6251950263977, 0, 0], [168.55156207084656, 3, 0], [169.55546808242798, 0, 0], [170.50640201568604, 3, 0], [171.39322113990784, 0, 0], [172.35524201393127, 2, 0], [172.7876260280609, 1, 0], [173.2488670349121, 3, 0], [173.72710514068604, 0, 0], [173.72710514068604, 3, 0], [174.20447707176208, 3, 0], [175.1416311264038, 2, 0], [176.07748293876648, 0, 0], [177.03698015213013, 3, 0], [177.956120967865, 0, 0], [178.92305493354797, 1, 0], [179.82649111747742, 2, 0], [180.27543210983276, 2, 0], [180.71143913269043, 2, 0], [181.19687914848328, 2, 0], [181.67716097831726, 3, 0], [182.60139107704163, 0, 0], [183.56249904632568, 3, 0], [184.50607204437256, 0, 0], [185.3880431652069, 2, 0], [185.92806816101074, 1, 0], [186.42208409309387, 0, 0], [186.8585410118103, 3, 0], [187.38530707359314, 2, 0], [187.80477714538574, 1, 0], [188.25808215141296, 0, 0], [188.71225094795227, 3, 0], [189.1653220653534, 0, 0], [189.1653220653534, 3, 0]], "approachRate": 0.5}
