{"file": "assets/somp.mp3", "drain": 20, "startTime": -0.85, "BPM": 60, "arrows": [[8.103698968887329, 3, 0], [8.408179998397827, 3, 0], [10.177515983581543, 0, 0], [10.410113096237183, 0, 0], [12.160152912139893, 2, 0], [12.392770051956177, 2, 0], [14.155598878860474, 1, 0], [14.673105955123901, 2, 0], [15.203728914260864, 0, 0], [15.583508968353271, 3, 0], [16.11143708229065, 1, 0], [16.11143708229065, 2, 0], [16.593597888946533, 0, 0], [16.593597888946533, 3, 0], [17.151323080062866, 3, 0], [17.685532093048096, 0, 0], [18.235910892486572, 2, 0], [18.686964988708496, 2, 0], [19.216672897338867, 2, 0], [19.667370080947876, 1, 0], [20.191545963287354, 3, 0], [20.71481990814209, 0, 0], [21.17126703262329, 0, 0], [21.69648790359497, 2, 0], [22.15702795982361, 1, 0], [22.611294984817505, 2, 0], [23.165212869644165, 2, 0], [23.688924074172974, 0, 0], [24.21206498146057, 3, 0], [25.464827060699463, 1, 0], [25.69453191757202, 2, 0], [25.927486896514893, 0, 0], [26.45622706413269, 3, 0], [26.696896076202393, 1, 0], [27.007965087890625, 2, 0], [27.4635009765625, 0, 0], [28.019563913345337, 3, 0], [28.109600067138672, 1, 0], [28.423532962799072, 2, 0], [28.81278705596924, 0, 0], [28.97869896888733, 2, 0], [29.446927070617676, 1, 0], [29.757855892181396, 2, 0], [30.21531105041504, 2, 0], [30.45043396949768, 2, 0], [30.688663959503174, 2, 0], [30.92569088935852, 2, 0], [31.38505792617798, 2, 0], [31.697110891342163, 2, 0], [32.22436499595642, 2, 0], [34.686322927474976, 3, 0], [35.05955505371094, 0, 0], [35.43813490867615, 2, 0], [35.81983399391174, 1, 0], [36.34723997116089, 2, 0], [36.80072903633118, 0, 0], [37.25363898277283, 3, 0], [37.63453197479248, 1, 0], [38.091734886169434, 2, 0], [38.628150939941406, 0, 0], [39.156601905822754, 2, 0], [39.68228197097778, 2, 0], [40.142005920410156, 0, 0], [40.668416023254395, 0, 0], [41.196616888046265, 1, 0], [41.65418291091919, 2, 0], [42.183347940444946, 3, 0], [42.64454102516174, 2, 0], [43.10370397567749, 1, 0], [43.72801995277405, 0, 0], [44.1797308921814, 2, 0], [44.85575890541077, 2, 0], [45.23246908187866, 3, 0], [45.68456196784973, 0, 0], [46.13827395439148, 3, 0], [46.59662199020386, 3, 0], [47.202255964279175, 0, 0], [47.65434193611145, 2, 0], [48.187031984329224, 1, 0], [48.668001890182495, 2, 0], [49.12506699562073, 2, 0], [49.65401887893677, 2, 0], [50.202462911605835, 1, 0], [50.7268180847168, 1, 0], [51.17758107185364, 1, 0], [51.63081192970276, 3, 0], [52.15607309341431, 0, 0], [52.68737506866455, 2, 0], [53.21608304977417, 0, 0], [53.74333596229553, 0, 0], [53.74333596229553, 2, 0], [54.21919107437134, 1, 0], [54.21919107437134, 3, 0], [54.700721979141235, 2, 0], [55.16498804092407, 2, 0], [55.69651389122009, 1, 0], [55.69651389122009, 2, 0], [56.17316699028015, 0, 0], [56.17316699028015, 3, 0], [56.73023796081543, 3, 0], [57.191473960876465, 0, 0], [57.7214629650116, 2, 0], [58.18274402618408, 2, 0], [58.78892803192139, 1, 0], [59.17552304267883, 2, 0], [59.70651388168335, 0, 0], [60.16497492790222, 3, 0], [60.696271896362305, 0, 0], [61.15808701515198, 2, 0], [61.68875694274902, 1, 0], [62.14713788032532, 2, 0], [62.67773199081421, 2, 0], [63.140547037124634, 2, 0], [63.675873041152954, 1, 0], [64.21229100227356, 3, 0], [64.67302799224854, 3, 0], [65.20790505409241, 3, 0], [65.73461604118347, 0, 0], [66.1882700920105, 2, 0], [66.64181900024414, 2, 0], [67.17770099639893, 2, 0], [67.7065179347992, 0, 0], [68.16588497161865, 1, 0], [68.70163702964783, 1, 0], [69.24124908447266, 1, 0], [69.70023488998413, 0, 0], [70.23604798316956, 3, 0], [70.6958999633789, 3, 0], [71.1552369594574, 3, 0], [71.6900749206543, 0, 0], [72.224858045578, 2, 0], [72.68477892875671, 2, 0], [73.21575689315796, 2, 0], [73.67551398277283, 0, 0], [74.20215392112732, 1, 0], [74.73015809059143, 2, 0], [75.18356394767761, 3, 0], [75.71393609046936, 0, 0], [76.16853094100952, 2, 0], [76.69635796546936, 1, 0], [77.22444200515747, 2, 0], [77.75087809562683, 0, 0], [78.20929002761841, 2, 0], [78.76489901542664, 1, 0], [79.22244787216187, 2, 0], [79.68119406700134, 0, 0], [80.21513891220093, 1, 0], [80.67367100715637, 2, 0], [81.20442700386047, 1, 0], [81.73525500297546, 0, 0], [82.19326591491699, 2, 0], [82.65124893188477, 1, 0], [83.11206007003784, 2, 0], [83.74410486221313, 3, 0], [84.20598697662354, 2, 0], [84.73949909210205, 1, 0], [85.22172808647156, 2, 0], [85.89948892593384, 3, 0], [86.28711891174316, 0, 0], [86.74489092826843, 2, 0], [87.20586490631104, 1, 0], [87.73776006698608, 3, 0], [88.2002010345459, 0, 0], [88.73156785964966, 3, 0], [89.26196599006653, 0, 0], [89.71845889091492, 1, 0], [89.71845889091492, 2, 0], [90.27583694458008, 0, 0], [90.27583694458008, 3, 0], [90.98318099975586, 2, 0], [91.44147992134094, 1, 0], [91.68007493019104, 2, 0], [91.91712498664856, 1, 0], [92.15763306617737, 2, 0], [92.694983959198, 0, 0], [93.23494005203247, 3, 0], [93.48484802246094, 0, 0], [93.73723292350769, 3, 0], [93.9800910949707, 0, 0], [94.22376108169556, 3, 0], [94.46960186958313, 0, 0], [94.7146589756012, 3, 0], [94.88438701629639, 0, 0], [95.20817494392395, 3, 0], [95.37848091125488, 0, 0], [95.62577104568481, 3, 0], [95.79749608039856, 0, 0], [96.19794607162476, 3, 0], [96.44367599487305, 0, 0], [96.68965888023376, 3, 0], [96.93550205230713, 0, 0], [97.25641894340515, 3, 0], [97.42752289772034, 0, 0], [97.6737859249115, 3, 0], [97.92033100128174, 0, 0], [98.2431869506836, 3, 0], [98.58561396598816, 0, 0], [98.75376605987549, 3, 0], [98.99852705001831, 0, 0], [99.24310302734375, 3, 0], [99.41288089752197, 0, 0], [99.65927600860596, 3, 0], [99.90621590614319, 0, 0], [100.22727704048157, 2, 0], [100.84955096244812, 1, 0], [101.31042504310608, 2, 0], [101.7680230140686, 1, 0], [102.22869801521301, 2, 0], [102.68966889381409, 1, 0], [103.15181303024292, 2, 0], [103.63252592086792, 1, 0], [104.16561198234558, 2, 0], [104.8424940109253, 1, 0], [105.22395300865173, 2, 0], [105.67990589141846, 1, 0], [106.21314597129822, 3, 0], [106.4514319896698, 0, 0], [106.69087195396423, 3, 0], [106.93349194526672, 0, 0], [107.24855995178223, 3, 0], [107.4918999671936, 0, 0], [107.73514103889465, 3, 0], [107.97804689407349, 0, 0], [108.22274088859558, 3, 0], [108.72276496887207, 2, 0], [109.18752002716064, 1, 0], [109.72114586830139, 2, 0], [110.17832207679749, 1, 0], [110.70983791351318, 2, 0], [111.2404899597168, 1, 0], [111.62378001213074, 2, 0], [112.23056101799011, 1, 0], [112.68996906280518, 2, 0], [113.22640609741211, 1, 0], [113.71385788917542, 2, 0], [114.25127601623535, 1, 0], [114.63983392715454, 2, 0], [115.18173909187317, 1, 0], [115.71929597854614, 3, 0], [116.18152689933777, 0, 0], [116.64566707611084, 2, 0], [117.1876699924469, 1, 0], [117.65043997764587, 2, 0], [118.18843293190002, 0, 0], [118.74296808242798, 3, 0], [119.19886207580566, 1, 0], [119.66098093986511, 2, 0], [120.19116306304932, 2, 0], [120.64903903007507, 2, 0], [121.17957806587219, 2, 0], [121.71573805809021, 1, 0], [122.17140603065491, 3, 0], [122.62935400009155, 3, 0], [123.16160893440247, 3, 0], [123.55428504943848, 0, 0], [124.2646369934082, 2, 0], [124.80013489723206, 2, 0], [125.33706092834473, 2, 0], [125.7943799495697, 1, 0], [126.25360107421875, 2, 0], [126.85912299156189, 1, 0], [127.24577307701111, 1, 0], [127.63341689109802, 2, 0], [128.24304604530334, 0, 0], [128.70525288581848, 3, 0], [129.19285702705383, 1, 0], [129.66035389900208, 2, 0], [130.27038598060608, 2, 0], [130.5103440284729, 2, 0], [130.75007104873657, 2, 0], [130.99143600463867, 2, 0], [131.23429894447327, 2, 0], [131.48018097877502, 2, 0], [131.7253279685974, 2, 0], [131.96984386444092, 2, 0], [132.2149269580841, 1, 0], [132.76234889030457, 2, 0], [133.30309104919434, 0, 0], [133.69208908081055, 3, 0], [134.1579349040985, 1, 0], [134.69512796401978, 2, 0], [135.22989988327026, 0, 0], [135.68963289260864, 3, 0], [136.22377109527588, 1, 0], [136.7579789161682, 2, 0], [137.29267001152039, 0, 0], [137.7522749900818, 3, 0], [138.21762108802795, 1, 0], [138.4577350616455, 1, 0], 