{"file": "assets/spin.mp3", "drain": 20, "startTime": -1.6, "BPM": 60, "arrows": [[9.299390077590942, 3, 0], [10.2570161819458, 3, 0], [11.27791714668274, 3, 0], [12.230808019638062, 3, 0], [13.17810606956482, 0, 0], [14.084129095077515, 0, 0], [15.044401168823242, 0, 0], [15.93181300163269, 0, 0], [16.88850498199463, 2, 0], [17.787824153900146, 1, 0], [18.73527717590332, 2, 0], [19.683048963546753, 1, 0], [20.638354063034058, 3, 0], [21.584017992019653, 0, 0], [22.530477046966553, 3, 0], [23.477272987365723, 0, 0], [24.432374000549316, 2, 0], [25.310256004333496, 2, 0], [26.18845796585083, 1, 0], [27.209103107452393, 1, 0], [28.092419147491455, 3, 0], [29.067442178726196, 2, 0], [30.02223300933838, 1, 0], [30.977000951766968, 0, 0], [31.855067014694214, 2, 0], [32.8095281124115, 2, 0], [33.691328048706055, 3, 0], [34.66104817390442, 3, 0], [35.615718126297, 0, 0], [36.563766956329346, 0, 0], [37.441550970077515, 0, 0], [37.89076495170593, 1, 0], [38.41830396652222, 2, 0], [38.87524700164795, 3, 0], [39.40081715583801, 3, 0], [40.28595304489136, 2, 0], [41.236104011535645, 1, 0], [42.19331407546997, 2, 0], [43.07090210914612, 0, 0], [44.044748067855835, 3, 0], [44.92808699607849, 1, 0], [45.01684808731079, 2, 0], [45.84178709983826, 0, 0], [45.93129301071167, 3, 0], [46.831438064575195, 1, 0], [46.831438064575195, 2, 0], [47.81891417503357, 3, 0], [48.78129315376282, 0, 0], [49.69317817687988, 2, 0], [50.58317995071411, 1, 0], [51.545506954193115, 3, 0], [52.50999617576599, 2, 0], [52.963229179382324, 1, 0], [53.42063117027283, 0, 0], [53.8810760974884, 3, 0], [54.33666515350342, 1, 0], [54.425875186920166, 2, 0], [55.25259709358215, 0, 0], [55.25259709358215, 3, 0], [56.237218141555786, 1, 0], [56.237218141555786, 2, 0], [57.14662003517151, 1, 0], [57.14662003517151, 2, 0], [58.0591299533844, 0, 0], [58.0591299533844, 3, 0], [58.9734890460968, 0, 0], [59.06235313415527, 3, 0], [59.95611810684204, 2, 0], [60.47910213470459, 1, 0], [60.931725025177, 3, 0], [61.38524317741394, 0, 0], [61.84064698219299, 1, 0], [61.84064698219299, 2, 0], [62.7594530582428, 3, 0], [63.28304195404053, 0, 0], [63.73617100715637, 2, 0], [64.19187712669373, 1, 0], [64.65179014205933, 3, 0], [65.10913300514221, 1, 0], [65.5685830116272, 2, 0], [66.53451108932495, 2, 0], [67.49143600463867, 1, 0], [67.94393014907837, 3, 0], [68.39807105064392, 2, 0], [68.85470700263977, 0, 0], [69.3839840888977, 2, 0], [70.27161717414856, 1, 0], [71.29906415939331, 3, 0], [72.18990397453308, 2, 0], [73.1033501625061, 1, 0], [74.06603598594666, 0, 0], [74.95052695274353, 0, 0], [75.4033579826355, 1, 0], [75.93122410774231, 2, 0], [76.388512134552, 3, 0], [76.84486198425293, 2, 0], [77.30332708358765, 1, 0], [77.83380508422852, 0, 0], [78.29169917106628, 1, 0], [78.7489881515503, 2, 0], [79.20573806762695, 3, 0], [79.66195297241211, 2, 0], [80.1159930229187, 1, 0], [80.64486813545227, 3, 0], [81.0990800857544, 3, 0], [81.55465507507324, 3, 0], [82.01002812385559, 3, 0], [82.46524405479431, 0, 0], [82.92033505439758, 0, 0], [83.37664318084717, 0, 0], [83.90807318687439, 0, 0], [84.29198098182678, 1, 0], [84.38285899162292, 2, 0], [86.22570705413818, 3, 0], [87.10843515396118, 0, 0], [88.06649208068848, 2, 0], [89.02942514419556, 1, 0], [90.86526703834534, 3, 0], [91.81906509399414, 0, 0], [92.77935409545898, 2, 0], [93.73617315292358, 1, 0], [94.64822006225586, 2, 0], [95.61051416397095, 3, 0], [96.0642511844635, 2, 0], [96.51898407936096, 1, 0], [97.0526270866394, 0, 0], [97.51045513153076, 1, 0], [97.96961212158203, 2, 0], [98.4285991191864, 3, 0], [98.88844108581543, 2, 0], [99.35093402862549, 1, 0], [100.25082015991211, 3, 0], [101.21064805984497, 0, 0], [102.10393595695496, 3, 0], [103.06245613098145, 0, 0], [104.0201621055603, 3, 0], [104.91194105148315, 3, 0], [105.00118112564087, 0, 0], [105.46130514144897, 0, 0], [105.46130514144897, 3, 0], [105.86926317214966, 0, 0], [105.86926317214966, 3, 0], [106.35874605178833, 0, 0], [106.35874605178833, 3, 0], [106.84691214561462, 2, 0], [106.93827295303345, 1, 0], [107.77579116821289, 2, 0], [108.6690571308136, 3, 0], [109.6347291469574, 1, 0], [110.59966707229614, 0, 0], [111.05640506744385, 1, 0], [111.58989000320435, 2, 0], [111.97706604003906, 3, 0], [112.51331114768982, 2, 0], [112.974534034729, 1, 0], [113.4360921382904, 0, 0], [113.82406306266785, 1, 0], [114.28589510917664, 2, 0], [115.26311898231506, 3, 0], [116.22296810150146, 0, 0], [117.1095380783081, 3, 0], [118.07041096687317, 0, 0], [118.54949808120728, 1, 0], [119.0838270187378, 2, 0], [119.54121804237366, 3, 0], [120.14757704734802, 2, 0], [120.46041107177734, 1, 0], [120.94388008117676, 0, 0], [121.40691995620728, 1, 0], [121.79383516311646, 2, 0], [122.79642796516418, 3, 0], [123.76261615753174, 0, 0], [124.65340304374695, 3, 0], [125.10593914985657, 3, 0], [125.56400513648987, 0, 0], [126.09316396713257, 0, 0], [126.54931902885437, 2, 0], [127.00612211227417, 2, 0], [127.54158210754395, 1, 0], [127.99669313430786, 1, 0], [128.45233011245728, 2, 0], [128.91288018226624, 2, 0], [129.32608604431152, 1, 0], [130.22533011436462, 3, 0], [131.25786709785461, 0, 0], [132.1469531059265, 2, 0], [133.10570406913757, 1, 0], [133.5585641860962, 3, 0], [134.01312518119812, 0, 0], [134.47292613983154, 2, 0], [135.00278115272522, 1, 0], [135.46447014808655, 2, 0], [136.00060105323792, 0, 0], [136.38833808898926, 3, 0], [136.8521921634674, 1, 0], [137.7563669681549, 2, 0], [138.72594213485718, 3, 0], [139.61967515945435, 0, 0], [140.5347180366516, 2, 0], [141.50640511512756, 1, 0], [142.47013401985168, 0, 0], [142.92816495895386, 1, 0], [143.38462209701538, 2, 0], [143.8430700302124, 3, 0], [144.30266904830933, 2, 0], [144.83552503585815, 1, 0], [145.3643500804901, 0, 0], [145.81962418556213, 1, 0], [146.20614004135132, 2, 0], [146.66479396820068, 3, 0], [147.1226990222931, 2, 0], [147.57976603507996, 1, 0], [148.04164600372314, 0, 0], [148.49865102767944, 0, 0], [148.49865102767944, 3, 0], [148.97733116149902, 0, 0], [148.97733116149902, 3, 0], [149.46363496780396, 0, 0], [149.46363496780396, 3, 0], [149.9553291797638, 1, 0], [149.9553291797638, 2, 0], [150.37212300300598, 1, 0], [150.37212300300598, 2, 0], [150.86567997932434, 1, 0], [150.86567997932434, 2, 0], [151.35510301589966, 1, 0], [151.35510301589966, 2, 0], [151.76707315444946, 2, 0], [152.2381091117859, 1, 0], [152.77748703956604, 2, 0], [153.2373080253601, 1, 0], [153.69571113586426, 3, 0], [154.1555380821228, 0, 0], [154.61865305900574, 2, 0], [155.0823380947113, 1, 0], [155.47082614898682, 3, 0], [156.00901412963867, 0, 0], [156.47099614143372, 2, 0], [156.93199610710144, 1, 0], [157.39401412010193, 0, 0], [157.39401412010193, 3, 0], [157.8779101371765, 0, 0], [157.8779101371765, 3, 0], [158.28723406791687, 0, 0], [158.28723406791687, 3, 0], [158.7769091129303, 0, 0], [158.7769091129303, 3, 0], [159.26494717597961, 2, 0], [159.3570191860199, 1, 0], [160.19739413261414, 2, 0], [161.16109108924866, 1, 0], [162.11824107170105, 3, 0], [163.00544905662537, 0, 0], [163.96419715881348, 2, 0], [164.87749195098877, 0, 0], [164.87749195098877, 3, 0], [165.42959213256836, 0, 0], [165.42959213256836, 3, 0], [165.84036016464233, 0, 0], [165.84036016464233, 3, 0], [166.3304431438446, 0, 0], [166.3304431438446, 3, 0], [166.8254451751709, 2, 0], [167.2938311100006, 1, 0], [167.7579801082611, 2, 0], [168.21859097480774, 1, 0], [168.68355512619019, 3, 0], [169.21872806549072, 0, 0], [169.67800307273865, 2, 0], [170.08762311935425, 1, 0], [170.54573798179626, 3, 0], [171.00676202774048, 0, 0], [171.53627610206604, 2, 0], [171.92110800743103, 1, 0], [172.45073914527893, 0, 0], [172.45073914527893, 3, 0], [172.85439801216125, 0, 0], [172.9447591304779, 3, 0], [173.33691811561584, 0, 0], [173.33691811561584, 3, 0], [173.82588696479797, 0, 0], [173.82588696479797, 3, 0], [174.31278896331787, 2, 0], [174.71034598350525, 1, 0], [175.28340601921082, 2, 0], [175.67055201530457, 1, 0], [176.20606207847595, 2, 0], [176.67343306541443, 1, 0], 